Workbook

Sheet Facts_Production
A1: No | B1: PSIC_Code | C1: Item_Name | D1: Fiscal_Year | E1: Period | F1: Value
A2: 1 | B2: 10721 | C2: SUGAR | D2: 2024-2025 | E2: Jul-Nov | F2: 191366
A3: 2 | B3: 12000 | C3: CIGARETTES | D3: 2024-2025 | E3: Jul-Nov | F3: 15398
A4: 3 | B4: 18110 | C4: PRINTING | D4: 2024-2025 | E4: Jul-Nov | F4: 29597 | G4: =SUM(F2:F67) -> 23561046
A5: 4 | B5: 18110 | C5: WRITING | D5: 2024-2025 | E5: Jul-Nov | F5: 46790
A6: 5 | B6: 17020 | C6: PACKING | D6: 2024-2025 | E6: Jul-Nov | F6: 76325
A7: 6 | B7: 17020 | C7: PAPER BOARD | D7: 2024-2025 | E7: Jul-Nov | F7: 182003
A8: 7 | B8: 16210 | C8: CHIP BOARD | D8: 2024-2025 | E8: Jul-Nov | F8: 0
A9: 8 | B9: 20110 | C9: SODA ASH CAUSTIC SODA 1 | D9: 2024-2025 | E9: Jul-Nov | F9: 329689
A10: 9 | B10: 20110 | C10: SODA ASH CAUSTIC SODA 2 | D10: 2024-2025 | E10: Jul-Nov | F10: 196964
A11: 10 | B11: 20120 | C11: UREA | D11: 2024-2025 | E11: Jul-Nov | F11: 2887955
A12: 11 | B12: 20120 | C12: AMM.NITRATE | D12: 2024-2025 | E12: Jul-Nov | F12: 343536
A13: 12 | B13: 20120 | C13: AMM.SULPHATE | D13: 2024-2025 | E13: Jul-Nov | F13: 0
A14: 13 | B14: 20120 | C14: NITRO PHOSPHATE | D14: 2024-2025 | E14: Jul-Nov | F14: 338614
A15: 14 | B15: 20120 | C15: S.PHOSPHATE | D15: 2024-2025 | E15: Jul-Nov | F15: 33500
A16: 15 | B16: 20120 | C16: DI.AMM.PHOSPHATE | D16: 2024-2025 | E16: Jul-Nov | F16: 375518
... A42: 43 | B42: 20110 | C42: SODA ASH CAUSTIC SODA 1 | D42: 2025-2026 | E42: Jul-Nov | F42: 237345
A43: 44 | B43: 20110 | C43: SODA ASH CAUSTIC SODA 2 | D43: 2025-2026 | E43: Jul-Nov | F43: 169117
A44: 45 | B44: 20120 | C44: UREA | D44: 2025-2026 | E44: Jul-Nov | F44: 2870441
A45: 46 | B45: 20120 | C45: AMM.NITRATE | D45: 2025-2026 | E45: Jul-Nov | F45: 357577
A46: 47 | B46: 20120 | C46: AMM.SULPHATE | D46: 2025-2026 | E46: Jul-Nov | F46: 0
A47: 48 | B47: 20120 | C47: NITRO PHOSPHATE | D47: 2025-2026 | E47: Jul-Nov | F47: 363054
A48: 49 | B48: 20120 | C48: S.PHOSPHATE | D48: 2025-2026 | E48: Jul-Nov | F48: 39893
A49: 50 | B49: 20120 | C49: DI.AMM.PHOSPHATE | D49: 2025-2026 | E49: Jul-Nov | F49: 367574
A50: 51 | B50: 20120 | C50: NPK | D50: 2025-2026 | E50: Jul-Nov | F50: 40566
A51: 52 | B51: 23110 | C51: SHEET/FLOAT GLASS | D51: 2025-2026 | E51: Jul-Nov | F51: 5361
A52: 53 | B52: 23940 | C52: CEMENT | D52: 2025-2026 | E52: Jul-Nov | F52: 17845
A53: 54 | B53: 19100 | C53: COKE | D53: 2025-2026 | E53: Jul-Nov | F53: 0
A54: 55 | B54: 24100 | C54: PIG IRON/HOT METAL | D54: 2025-2026 | E54: Jul-Nov | F54: 0
A55: 56 | B55: 24310 | C55: CAST/ROLLED BILLET | D55: 2025-2026 | E55: Jul-Nov | F55: 1455000
... A67: 69 | B67: 30910 | C67: MOTOR CYCLE | D67: 2025-2026 | E67: Jul-Nov | F67: 892696

Sheet Dim_Items
A1: No | B1: PSIC_Code | C1: Item_Name | D1: UOM | E1: Weightage | F1: Source | G1: Category
A2: 1 | B2: 10721 | C2: Sugar | D2: Tonnes | E2: 3.427 | F2: Cane Commissioner | G2: Food & Beverages | H2: =IF(B2 = INDEX(Facts_Production!B:B, MATCH(C2, Facts_Production!C:C, 0)), "Match", "Mismatch") -> Match
A3: 2 | B3: 12000 | C3: CIGARETTES | D3: Mln. Nos | E3: 2.0722 | F3: Direct Units | G3: Tobacco | H3: =IF(B3 = INDEX(Facts_Production!B:B, MATCH(C3, Facts_Production!C:C, 0)), "Match", "Mismatch") -> Match
A4: 3 | B4: 18110 | C4: PRINTING | D4: Tonnes | E4: 0.4065 | F4: PBS | G4: Paper & Packaging | H4: =IF(B4 = INDEX(Facts_Production!B:B, MATCH(C4, Facts_Production!C:C, 0)), "Match", "Mismatch") -> Match
A5: 4 | B5: 18110 | C5: WRITING | D5: Tonnes | E5: 0.4065 | F5: PBS | G5: Paper & Packaging | H5: =IF(B5 = INDEX(Facts_Production!B:B, MATCH(C5, Facts_Production!C:C, 0)), "Match", "Mismatch") -> Match
A6: 5 | B6: 17020 | C6: PACKING | D6: Tonnes | E6: 0.4065 | F6: PBS | G6: Paper & Packaging | H6: =IF(B6 = INDEX(Facts_Production!B:B, MATCH(C6, Facts_Production!C:C, 0)), "Match", "Mismatch") -> Match
A7: 6 | B7: 17020 | C7: PAPER BOARD | D7: Tonnes | E7: 0.4065 | F7: PBS | G7: Paper & Packaging | H7: =IF(B7 = INDEX(Facts_Production!B:B, MATCH(C7, Facts_Production!C:C, 0)), "Match", "Mismatch") -> Match
A8: 7 | B8: 16210 | C8: CHIP BOARD | D8: Tonnes | E8: 0.0894 | F8: Direct Units | G8: Paper & Packaging | H8: =IF(B8 = INDEX(Facts_Production!B:B, MATCH(C8, Facts_Production!C:C, 0)), "Match", "Mismatch") -> Match
A9: 8 | B9: 20110 | C9: SODA ASH CAUSTIC SODA 1 | D9: Tonnes | E9: 0.0776 | F9: Direct Units | G9: Chemicals | H9: =IF(B9 = INDEX(Facts_Production!B:B, MATCH(C9, Facts_Production!C:C, 0)), "Match", "Mismatch") -> Match
A10: 9 | B10: 20110 | C10: SODA ASH CAUSTIC SODA 2 | D10: Tonnes | E10: 0.2304 | F10: Direct Units | G10: Chemicals | H10: =IF(B10 = INDEX(Facts_Production!B:B, MATCH(C10, Facts_Production!C:C, 0)), "Match", "Mismatch") -> Match
A11: 10 | B11: 20120 | C11: UREA | D11: Nutrient Tonnes | E11: 1.143 | F11: Direct Units | G11: Fertilizers | H11: =IF(B11 = INDEX(Facts_Production!B:B, MATCH(C11, Facts_Production!C:C, 0)), "Match", "Mismatch") -> Match
A12: 11 | B12: 20120 | C12: AMM.NITRATE | D12: Nutrient Tonnes | E12: 1.143 | F12: Direct Units | G12: Fertilizers | H12: =IF(B12 = INDEX(Facts_Production!B:B, MATCH(C12, Facts_Production!C:C, 0)), "Match", "Mismatch") -> Match
A13: 12 | B13: 20120 | C13: AMM.SULPHATE | D13: Nutrient Tonnes | E13: 1.143 | F13: Direct Units | G13: Fertilizers | H13: =IF(B13 = INDEX(Facts_Production!B:B, MATCH(C13, Facts_Production!C:C, 0)), "Match", "Mismatch") -> Match
... A34: 33 | B34: 30910 | C34: MOTOR CYCLE | D34: Nos | E34: 0.6841 | F34: Engineering Development Board | G34: Automotive | H34: =IF(B34 = INDEX(Facts_Production!B:B, MATCH(C34, Facts_Production!C:C, 0)), "Match", "Mismatch") -> Match

Sheet Dim_Calendar
A1: Fiscal_Year | B1: Sort_Order
A2: 2024-2025 | B2: 1
A3: 2025-2026 | B3: 2
